Date,Open,High,Low,Close,Adj Close,Volume,Count,Week Day,Change,RSI
2018-05-15,26.280000686645508,26.280000686645508,26.280000686645508,26.280000686645508,25.64410972595215,200,0,1,0.0,17.15999984741211
2018-05-16,26.56999969482422,26.579999923706055,26.56999969482422,26.579999923706055,25.936851501464844,3200,1,2,0.03763729392809445,17.15999984741211
2018-05-17,26.770000457763672,26.770000457763672,26.614999771118164,26.614999771118164,25.97100257873535,2500,2,3,-0.5790089054726,17.15999984741211
2018-05-18,26.68899917602539,26.68899917602539,26.68899917602539,26.68899917602539,26.043214797973633,200,3,4,0.0,17.15999984741211
2018-05-21,27.059999465942383,27.059999465942383,26.860000610351562,26.860000610351562,26.2100772857666,3300,4,0,-0.7390940855063088,17.15999984741211
2018-05-22,26.899999618530273,26.899999618530273,26.889999389648438,26.899999618530273,26.24910545349121,1200,5,1,0.0,17.15999984741211
2018-05-23,26.6299991607666,26.6299991607666,26.6299991607666,26.6299991607666,25.985637664794922,2100,6,2,0.0,17.15999984741211
2018-05-24,26.764999389648438,26.764999389648438,26.764999389648438,26.764999389648438,26.117372512817383,400,7,3,0.0,17.15999984741211
2018-05-25,26.739999771118164,26.780000686645508,26.709999084472656,26.729999542236328,26.083219528198242,29300,8,4,-0.03739801408912946,17.15999984741211
2018-05-29,26.719999313354492,26.719999313354492,26.70400047302246,26.70400047302246,26.057851791381836,200,9,1,-0.05987590098490703,17.15999984741211
2018-05-30,26.70400047302246,26.70400047302246,26.70400047302246,26.70400047302246,26.057851791381836,0,10,2,0.0,17.15999984741211
2018-05-31,27.040000915527344,27.040000915527344,26.836000442504883,26.878999710083008,26.228612899780273,15000,11,3,-0.5954186390277894,17.15999984741211
2018-06-01,27.079999923706055,27.100000381469727,27.020000457763672,27.020000457763672,26.366207122802734,2700,12,4,-0.22156375964336172,17.15999984741211
2018-06-04,27.059999465942383,27.099000930786133,27.059999465942383,27.099000930786133,26.44329071044922,1200,13,0,0.14412958467659998,17.15999984741211
2018-06-05,27.099000930786133,27.099000930786133,27.099000930786133,27.099000930786133,26.44329071044922,0,14,1,0.0,77.65026337141165
2018-06-06,27.099000930786133,27.099000930786133,27.099000930786133,27.099000930786133,26.44329071044922,0,15,2,0.0,71.97295149745472
2018-06-07,27.440000534057617,27.440000534057617,27.440000534057617,27.440000534057617,26.77604103088379,400,16,3,0.0,77.74045170955958
2018-06-08,27.489999771118164,27.59000015258789,27.479000091552734,27.58099937438965,26.91362953186035,13500,17,4,0.33102802484230587,78.70015452725583
2018-06-11,27.65999984741211,27.65999984741211,27.420000076293945,27.474000930786133,26.80921745300293,1000,18,0,-0.672447280014643,70.60409351410098
2018-06-12,27.69499969482422,27.69499969482422,27.69499969482422,27.69499969482422,27.024871826171875,600,19,1,0.0,73.78821413039631
2018-06-13,27.700000762939453,27.700000762939453,27.670000076293945,27.670000076293945,27.00047492980957,17700,20,2,-0.1083057249790631,86.46580135681725
2018-06-14,27.670000076293945,27.670000076293945,27.670000076293945,27.670000076293945,27.00047492980957,400,21,3,0.0,85.05052057093638
2018-06-15,27.63800048828125,27.63800048828125,27.540000915527344,27.540000915527344,26.87362289428711,200,22,4,-0.35458271590761425,79.22095615556105
2018-06-18,27.540000915527344,27.540000915527344,27.540000915527344,27.540000915527344,26.87362289428711,30100,23,0,0.0,80.73542590834313
2018-06-19,27.600000381469727,27.780000686645508,27.586000442504883,27.764999389648438,27.093175888061523,2700,24,1,0.5978224851383995,83.4701375342512
2018-06-20,27.98699951171875,28.020000457763672,27.98699951171875,28.010000228881836,27.332250595092773,2600,25,2,0.08218357653329011,84.16930392511645
2018-06-21,27.809999465942383,27.809999465942383,27.700000762939453,27.700000762939453,27.02975082397461,800,26,3,-0.3955365160565383,68.64042380094907
2018-06-22,27.799999237060547,27.799999237060547,27.72800064086914,27.72800064086914,27.05707359313965,2400,27,4,-0.25898776319182026,67.73835765131638
2018-06-25,27.290000915527344,27.290000915527344,27.121000289916992,27.290000915527344,26.629669189453125,12200,28,0,0.0,54.31932622323902
2018-06-26,27.350000381469727,27.389999389648438,27.347999572753906,27.3799991607666,26.774396896362305,16300,29,1,0.10968474909858195,56.10602611776369
2018-06-27,27.424999237060547,27.424999237060547,27.25,27.25,26.64727210998535,4300,30,2,-0.6381011556203187,45.45451226868731
2018-06-28,27.010000228881836,27.06999969482422,26.8700008392334,27.06999969482422,26.471254348754883,25000,31,3,0.22213796902610383,37.99902347687029
2018-06-29,27.290000915527344,27.290000915527344,27.229999542236328,27.229999542236328,26.62771224975586,11600,32,4,-0.21986577969250742,44.40875075284551
2018-07-02,27.309999465942383,27.309999465942383,26.996999740600586,26.996999740600586,26.39986801147461,1000,33,0,-1.1460993462564129,34.092942183893555
2018-07-03,27.309999465942383,27.399999618530273,27.309999465942383,27.3799991607666,26.774396896362305,800,34,1,0.25631525519256293,44.31815124291843
2018-07-05,27.3799991607666,27.420000076293945,27.3799991607666,27.420000076293945,26.813512802124023,2100,35,3,0.14609538624332785,45.17746027821439
2018-07-06,27.700000762939453,27.81999969482422,27.700000762939453,27.799999237060547,27.18510627746582,23800,36,4,0.3610053117936607,54.57422162327587
2018-07-09,27.920000076293945,27.989999771118164,27.920000076293945,27.989999771118164,27.37090492248535,55100,37,0,0.25071523865665135,57.42083579982625
2018-07-10,28.020000457763672,28.020000457763672,28.0,28.0,27.38068199157715,1300,38,1,-0.07137921997474317,54.17111850488653
2018-07-11,27.719999313354492,27.799999237060547,27.709999084472656,27.75,27.136213302612305,1700,39,2,0.10822758798212373,45.39332859762399
2018-07-12,27.739999771118164,27.829999923706055,27.690000534057617,27.829999923706055,27.214441299438477,1100,40,3,0.3244417928279786,52.507702621061945
2018-07-13,27.860000610351562,27.940000534057617,27.850000381469727,27.850000381469727,27.23400115966797,11400,41,4,-0.0358945752431894,52.36067817228008
2018-07-16,28.049999237060547,28.049999237060547,27.65999984741211,27.670000076293945,27.0579833984375,4400,42,0,-1.354720752592875,58.168517572466584
2018-07-17,27.81999969482422,27.860000610351562,27.780000686645508,27.829999923706055,27.214441299438477,27600,43,1,0.03594618616655776,59.39066736507259
2018-07-18,27.729999542236328,27.729999542236328,27.729999542236328,27.729999542236328,27.116653442382812,2800,44,2,0.0,60.14368793663027
2018-07-19,28.009000778198242,28.048999786376953,28.009000778198242,28.010000228881836,27.390460968017578,1600,45,3,0.0035683196680569296,69.0592043437402
2018-07-20,28.280000686645508,28.280000686645508,27.93899917602539,27.98900032043457,27.36992835998535,14400,46,4,-1.0289970266809556,66.30855748967844
2018-07-23,27.969999313354492,27.969999313354492,27.926000595092773,27.926000595092773,27.308320999145508,4900,47,0,-0.1573068263920563,71.5345435895622
2018-07-24,27.763999938964844,27.763999938964844,27.763999938964844,27.763999938964844,27.14990234375,300,48,1,0.0,59.91736147850837
2018-07-25,27.770000457763672,27.770000457763672,27.65999984741211,27.65999984741211,27.048202514648438,1200,49,2,-0.39611310240655895,55.99998855591912
2018-07-26,27.920000076293945,28.0,27.850000381469727,27.889999389648438,27.273113250732422,14900,50,3,-0.1074523157719498,52.43243354702484
2018-07-27,27.649999618530273,27.649999618530273,27.434999465942383,27.503000259399414,26.894678115844727,4800,51,4,-0.5316432591642606,38.104560303684806
2018-07-30,27.347000122070312,27.360000610351562,27.347000122070312,27.360000610351562,26.754838943481445,1400,52,0,0.04753899229612557,35.321116971200794
2018-07-31,27.59000015258789,27.59000015258789,27.59000015258789,27.59000015258789,26.979753494262695,700,53,1,0.0,46.29629956678458
2018-08-01,27.809999465942383,27.809999465942383,27.459999084472656,27.56999969482422,26.96019744873047,5600,54,2,-0.8629981148042809,43.809519484471004
2018-08-02,27.579999923706055,27.84000015258789,27.579999923706055,27.84000015258789,27.22422218322754,6500,55,3,0.9427129427159953,49.787229207265455
2018-08-03,27.899999618530273,27.899999618530273,27.69499969482422,27.743999481201172,27.13034439086914,3100,56,4,-0.5591402848102223,51.63281951656388
2018-08-06,27.8799991607666,27.917999267578125,27.8799991607666,27.917999267578125,27.30049705505371,4500,57,0,0.13629880902219504,51.92980959145106
2018-08-07,28.054000854492188,28.054000854492188,28.054000854492188,28.054000854492188,27.433488845825195,600,58,1,0.0,56.99484126853404
2018-08-08,28.0,28.0,27.820999145507812,27.920000076293945,27.302453994750977,52100,59,2,-0.28571401323590484,47.926265660900086
2018-08-09,28.030000686645508,28.030000686645508,28.0,28.020000457763672,27.40024185180664,2300,60,3,-0.03567687704909561,50.689197498144814
2018-08-10,27.90999984741211,27.90999984741211,27.87700080871582,27.87700080871582,27.26040267944336,800,61,4,-0.11823374731888547,48.948052033138204
2018-08-13,28.010000228881836,28.010000228881836,27.700000762939453,27.777999877929688,27.163593292236328,1200,62,0,-0.8282768620363146,50.3089126778773
2018-08-14,27.8700008392334,28.0,27.8700008392334,27.98900032043457,27.36992835998535,500,63,1,0.42698054401797414,56.93215457783187
2018-08-15,27.670000076293945,27.670000076293945,27.56999969482422,27.639999389648438,27.02864646911621,900,64,2,-0.10842315346146769,44.98395748120208
2018-08-16,27.889999389648438,27.899999618530273,27.8700008392334,27.874000549316406,27.257469177246094,4400,65,3,-0.05736407559037149,57.9307240484281
2018-08-17,27.860000610351562,28.049999237060547,27.860000610351562,28.049999237060547,27.429576873779297,1400,66,4,0.6819763910500098,64.54462558317934
2018-08-20,28.070999145507812,28.190000534057617,28.070999145507812,28.160999298095703,27.53812026977539,4700,67,0,0.32061613525535826,62.671940292442414
2018-08-21,28.31999969482422,28.5,28.31999969482422,28.459999084472656,27.830507278442383,11200,68,1,0.49434813261677313,67.57499058380415
2018-08-22,28.510000228881836,28.510000228881836,28.510000228881836,28.510000228881836,27.879404067993164,200,69,2,0.0,64.4895834450488
2018-08-23,28.420000076293945,28.440000534057617,28.40999984741211,28.440000534057617,27.810949325561523,4500,70,3,0.07037458729761692,65.22308671074862
2018-08-24,28.5,28.558000564575195,28.479999542236328,28.558000564575195,27.92634391784668,8800,71,4,0.20351075289541942,64.34977099040768
2018-08-27,28.709999084472656,28.709999084472656,28.649999618530273,28.649999618530273,28.016307830810547,800,72,0,-0.20898456236744245,63.63215963772637
2018-08-28,28.690000534057617,28.700000762939453,28.608999252319336,28.700000762939453,28.065200805664062,1900,73,1,0.03485614742309018,68.55374731751138
2018-08-29,28.81999969482422,28.81999969482422,28.81999969482422,28.81999969482422,28.182546615600586,2900,74,2,0.0,68.85010876013446
2018-08-30,28.690000534057617,28.780000686645508,28.677000045776367,28.690000534057617,28.055423736572266,13500,75,3,0.0,69.27452058560726
2018-08-31,28.709999084472656,28.780000686645508,28.670000076293945,28.780000686645508,28.1434326171875,7000,76,4,0.24382307351138444,73.85715777857503
2018-09-04,28.8700008392334,28.8700008392334,28.649999618530273,28.729999542236328,28.09453582763672,3800,77,1,-0.48493693428236506,69.10775677629735
2018-09-05,28.729999542236328,28.729999542236328,28.440000534057617,28.670000076293945,28.035865783691406,1900,78,2,-0.2088390772654769,81.21214923561541
2018-09-06,28.799999237060547,28.799999237060547,28.485000610351562,28.485000610351562,27.854955673217773,4400,79,3,-1.0937452606027742,69.0818504998904
2018-09-07,28.350000381469727,28.5939998626709,28.350000381469727,28.420000076293945,27.791393280029297,6900,80,4,0.24691250046675606,62.41613745201225
2018-09-10,28.559999465942383,28.6299991607666,28.475000381469727,28.549999237060547,27.918516159057617,5100,81,0,-0.03501480766399112,62.88933830499904
2018-09-11,28.549999237060547,28.579999923706055,28.5,28.56999969482422,27.93807601928711,2000,82,1,0.07005414465199866,54.4715711906512
2018-09-12,28.6299991607666,28.6299991607666,28.399999618530273,28.54599952697754,27.91460609436035,4600,83,2,-0.2933972624916237,51.49498924342804
2018-09-13,28.440000534057617,28.610000610351562,28.440000534057617,28.56599998474121,27.93416404724121,9200,84,3,0.4430360348717466,55.45925147265912
2018-09-14,28.760000228881836,28.760000228881836,28.6299991607666,28.6299991607666,27.996749877929688,1300,85,4,-0.4520204001413175,53.272668002968544
2018-09-17,28.6299991607666,28.6299991607666,28.6299991607666,28.6299991607666,27.996749877929688,30000,86,0,0.0,49.00791323072498
2018-09-18,28.479999542236328,28.520000457763672,28.479999542236328,28.51300048828125,27.88233757019043,1700,87,1,0.1158741101662697,41.30228811514385
2018-09-19,28.31999969482422,28.34000015258789,28.309999465942383,28.309999465942383,27.68382453918457,2600,88,2,-0.03531154304237116,27.979246448424945
2018-09-20,28.579999923706055,28.579999923706055,28.579999923706055,28.579999923706055,27.94785499572754,200,89,3,0.0,45.762689449043826
2018-09-21,28.729999542236328,28.729999542236328,28.500999450683594,28.500999450683594,27.870601654052734,1200,90,4,-0.7970765583065087,39.160796669625746
2018-09-24,28.299999237060547,28.360000610351562,28.299999237060547,28.350000381469727,27.722942352294922,5100,91,0,0.1766824938415512,36.31125542969668
2018-09-25,28.3700008392334,28.43000030517578,28.3700008392334,28.3799991607666,27.75227928161621,9600,92,1,0.035242584552119816,39.322482871758
2018-09-26,28.280000686645508,28.329999923706055,28.040000915527344,28.040000915527344,27.506061553955078,4300,93,2,-0.8486554642535671,35.29409540041803
2018-09-27,28.100000381469727,28.1299991607666,28.059999465942383,28.059999465942383,27.525678634643555,6000,94,3,-0.1423520106203391,37.73835447708834
2018-09-28,28.040000915527344,28.190000534057617,28.040000915527344,28.190000534057617,27.653202056884766,300,95,4,0.5349486934118186,37.73843537282386
2018-10-01,28.3799991607666,28.3799991607666,27.889999389648438,27.889999389648438,27.35891342163086,23700,96,0,-1.7265672502047025,30.549160132423452
2018-10-02,27.75,27.75,27.65999984741211,27.65999984741211,27.1332950592041,73000,97,1,-0.32432487419059575,27.328526233897563
2018-10-03,27.860000610351562,27.8700008392334,27.790000915527344,27.81999969482422,27.290246963500977,800,98,2,-0.1435783009727576,32.18716098726884
2018-10-04,27.729999542236328,27.729999542236328,27.440000534057617,27.440000534057617,26.9174861907959,22700,99,3,-1.0457952144463767,25.31119116888216
2018-10-05,27.507999420166016,27.507999420166016,27.06999969482422,27.219999313354492,26.701671600341797,7100,100,4,-1.0469685650799865,23.193891256356622
2018-10-08,26.969999313354492,27.219999313354492,26.969999313354492,27.200000762939453,26.682058334350586,3200,101,0,0.8528048032655056,24.08209213716661
2018-10-09,27.040000915527344,27.200000762939453,27.040000915527344,27.09600067138672,26.580036163330078,1900,102,1,0.20709968181702454,25.061612785681547
2018-10-10,26.780000686645508,26.780000686645508,26.454999923706055,26.469999313354492,25.965951919555664,16200,103,2,-1.15758538216022,12.186329696833795
2018-10-11,26.239999771118164,26.239999771118164,25.860000610351562,25.860000610351562,25.367570877075195,18500,104,3,-1.4481675460411347,10.237841712239785
2018-10-12,26.170000076293945,26.170000076293945,25.631999969482422,25.8799991607666,25.387187957763672,5000,105,4,-1.1081425857160765,11.285184361389938
2018-10-15,26.06999969482422,26.100000381469727,26.020000457763672,26.040000915527344,25.544143676757812,2800,106,0,-0.11507011756056729,14.759039086310452
2018-10-16,26.183000564575195,26.700000762939453,26.183000564575195,26.69300079345703,26.18470573425293,15300,107,1,1.947829576003035,31.461597343046662
2018-10-17,26.530000686645508,26.540000915527344,26.44300079345703,26.44300079345703,25.939468383789062,31100,108,2,-0.32793023345932815,29.070692358016615
2018-10-18,26.3700008392334,26.3700008392334,26.139999389648438,26.139999389648438,25.64223861694336,800,109,3,-0.8722087306222703,24.603561296713124
2018-10-19,26.260000228881836,26.260000228881836,26.190000534057617,26.190000534057617,25.6912841796875,1200,110,4,-0.26656395359521134,27.54888649868637
2018-10-22,26.059999465942383,26.059999465942383,25.75,25.75,25.25966453552246,800,111,0,-1.1895605230058393,26.101116151549164
2018-10-23,25.579999923706055,25.579999923706055,25.21500015258789,25.559999465942383,25.07328224182129,2800,112,1,-0.07818787264787241,21.932456408397826
2018-10-24,25.610000610351562,25.610000610351562,24.826000213623047,24.826000213623047,24.353260040283203,500,113,2,-3.061305654212376,20.15983396497883
2018-10-25,24.8799991607666,25.200000762939453,24.8799991607666,25.139999389648438,24.661279678344727,5800,114,3,1.0450170323632157,26.754587718195054
2018-10-26,24.6299991607666,24.889999389648438,24.459999084472656,24.860000610351562,24.386611938476562,2800,115,4,0.9338264613152347,25.285175545330745
2018-10-29,24.926000595092773,24.926000595092773,24.6200008392334,24.6200008392334,24.15118408203125,3000,116,0,-1.2276327872655868,24.579061545469102
2018-10-30,24.850000381469727,25.020000457763672,24.84000015258789,25.020000457763672,24.543567657470703,7800,117,1,0.6841049242828579,34.38846752064754
2018-10-31,25.3799991607666,25.3799991607666,25.360000610351562,25.360000610351562,24.877090454101562,1100,118,2,-0.07879649754265472,44.284408582457274
2018-11-01,25.41699981689453,25.770000457763672,25.392000198364258,25.770000457763672,25.279285430908203,4600,119,3,1.388836776221325,48.84552203639415
2018-11-02,25.850000381469727,25.850000381469727,25.75,25.770999908447266,25.2802677154541,2600,120,4,-0.30561110969689054,47.07925044711901
2018-11-05,25.889999389648438,25.889999389648438,25.68000030517578,25.84000015258789,25.347951889038086,3800,121,0,-0.19312181629690395,39.393177564153035
2018-11-06,25.93000030517578,25.93000030517578,25.875,25.875,25.38228416442871,1400,122,1,-0.212110700071233,42.53808683799062
2018-11-07,26.09000015258789,26.15999984741211,26.031999588012695,26.15999984741211,25.6618595123291,2800,123,2,0.26830086015647847,50.26399772004258
2018-11-08,26.3700008392334,26.399999618530273,26.215999603271484,26.219999313354492,25.720712661743164,21200,124,3,-0.5688339821959154,50.394928999158324
2018-11-09,25.809999465942383,25.829999923706055,25.798999786376953,25.812000274658203,25.320484161376953,34500,125,4,0.007752068024879932,50.823159274456984
2018-11-12,25.45599937438965,25.639999389648438,25.45599937438965,25.56999969482422,25.083091735839844,22000,126,0,0.44783282226688037,50.13096178353813
2018-11-13,25.559999465942383,25.559999465942383,25.5,25.5,25.01442527770996,200,127,1,-0.2347396995149742,60.68485645276191
2018-11-14,25.55500030517578,25.55500030517578,25.270000457763672,25.290000915527344,24.80842399597168,2200,128,2,-1.0369766639946598,52.45904509854441
2018-11-15,25.31999969482422,25.57900047302246,25.215999603271484,25.510000228881836,25.024232864379883,3600,129,3,0.750397062984387,60.86957353795788
2018-11-16,25.54800033569336,25.65999984741211,25.43000030517578,25.590999603271484,25.103694915771484,17200,130,4,0.1683077619114126,67.14942223617608
2018-11-19,25.3700008392334,25.3700008392334,25.06999969482422,25.093000411987305,24.615175247192383,10700,131,0,-1.0918424047417719,51.24616038816465
2018-11-20,24.839000701904297,24.91200065612793,24.6200008392334,24.690000534057617,24.219852447509766,9000,132,1,-0.5998637772704596,38.803455417880286
2018-11-21,25.0,25.100000381469727,24.969999313354492,24.969999313354492,24.49451446533203,6300,133,2,-0.12000274658202637,36.02370928798162
2018-11-23,25.010000228881836,25.1299991607666,25.010000228881836,25.1299991607666,24.651472091674805,400,134,4,0.4798038016256667,39.39089736474752
2018-11-26,25.360000610351562,25.3799991607666,25.31999969482422,25.31999969482422,24.837852478027344,3700,135,0,-0.15773231295197476,41.72499408125975
2018-11-27,25.149999618530273,25.15999984741211,25.06999969482422,25.06999969482422,24.592613220214844,1100,136,1,-0.31809115276133504,38.010104361738875
2018-11-28,25.229999542236328,25.68000030517578,25.139999389648438,25.68000030517578,25.190998077392578,7900,137,2,1.7835940194375732,43.48180142621369
2018-11-29,25.559999465942383,25.559999465942383,25.482999801635742,25.559999465942383,25.07328224182129,700,138,3,0.0,41.18118094647797
2018-11-30,25.690000534057617,25.760000228881836,25.649999618530273,25.753999710083008,25.263587951660156,25100,139,4,0.24912096027613906,49.177996060955174
2018-12-03,25.959999084472656,25.969999313354492,25.760000228881836,25.969999313354492,25.475473403930664,22300,140,0,0.03852168426237146,55.71102172865193
2018-12-04,25.889999389648438,25.889999389648438,24.989999771118164,24.989999771118164,24.514135360717773,24300,141,1,-3.476244263219719,44.22030151866043
2018-12-06,24.59000015258789,24.90999984741211,24.510000228881836,24.90999984741211,24.435659408569336,16300,142,3,1.301340759815095,45.562806236080185
2018-12-07,25.09000015258789,25.09000015258789,24.469999313354492,24.469999313354492,24.004037857055664,7900,143,4,-2.4711073553718155,38.44956497866413
2018-12-10,24.329999923706055,24.3799991607666,24.158000946044922,24.33300018310547,23.869647979736328,4500,144,0,0.012331522436581643,36.20009005299401
2018-12-11,24.65999984741211,24.65999984741211,24.149999618530273,24.280000686645508,23.817657470703125,21900,145,1,-1.5409536217271258,40.116703982014435
2018-12-12,24.559999465942383,24.729999542236328,24.469999313354492,24.469999313354492,24.004037857055664,14100,146,2,-0.36645014065531667,47.17946987414426
2018-12-13,24.43000030517578,24.43000030517578,24.1200008392334,24.17099952697754,23.71073341369629,16700,147,3,-1.0601750919477904,39.80607236927917
2018-12-14,23.899999618530273,24.06999969482422,23.739999771118164,23.791000366210938,23.337968826293945,15700,148,4,-0.45606382451498506,33.82460218236916
2018-12-17,23.5,23.530000686645508,23.121999740600586,23.121999740600586,22.773601531982422,12200,149,0,-1.6085117421251627,26.201809792905138
2018-12-18,23.40999984741211,23.40999984741211,23.100000381469727,23.15999984741211,22.8110294342041,7000,150,1,-1.0679196993998996,28.32500437227165
2018-12-19,23.31999969482422,23.360000610351562,22.687999725341797,22.733999252319336,22.391447067260742,20600,151,2,-2.51286642441485,15.111294427079116
2018-12-20,22.84000015258789,22.84000015258789,22.06599998474121,22.309999465942383,21.973834991455078,25500,152,3,-2.3204933586020826,14.096309788000127
2018-12-21,22.25,22.489999771118164,21.81999969482422,21.829999923706055,21.501068115234375,74000,153,4,-1.8876407923323346,9.226904892519315
2018-12-24,21.950000762939453,21.950000762939453,21.3700008392334,21.3700008392334,21.048002243041992,15800,154,0,-2.642368581076915,4.5094722419437545
2018-12-26,21.466999053955078,22.393999099731445,21.466999053955078,22.393999099731445,22.056568145751953,14300,155,2,4.318256331248027,24.5489863740367
2018-12-27,22.3799991607666,22.395000457763672,21.770000457763672,22.395000457763672,22.057554244995117,25000,156,3,0.06702992653979667,24.955174803073035
2018-12-28,22.608999252319336,22.8700008392334,22.40999984741211,22.520000457763672,22.180673599243164,33800,157,4,-0.3936432283553337,29.281760566320145
2018-12-31,22.551000595092773,22.66200065612793,22.530000686645508,22.66200065612793,22.320533752441406,5000,158,0,0.49221789768083557,32.2649042337016
2019-01-02,22.739999771118164,22.829999923706055,22.610000610351562,22.702999114990234,22.36091423034668,19000,159,2,-0.16271177001032644,33.219801536515064
2019-01-03,22.75,22.75,22.329999923706055,22.385000228881836,22.047706604003906,5400,160,3,-1.6043945983216013,28.402725531228853
2019-01-04,22.670000076293945,23.219999313354492,22.670000076293945,23.209999084472656,22.860275268554688,10100,161,4,2.3819982636144266,41.023712360293615
2019-01-07,23.3799991607666,23.638999938964844,23.3799991607666,23.57900047302246,23.223716735839844,3700,162,0,0.8511604764716907,48.01572438761829
2019-01-08,23.75,23.93400001525879,23.6299991607666,23.93400001525879,23.573366165161133,9800,163,1,0.7747369063527909,58.07479027873563
2019-01-09,24.09000015258789,24.229999542236328,23.969999313354492,24.170000076293945,23.805810928344727,18300,164,2,0.3320876845136045,59.66323190362371
2019-01-10,24.149999618530273,24.309999465942383,23.979999542236328,24.309999465942383,23.943702697753906,10200,165,3,0.6625252585484187,65.95143591842408
2019-01-11,24.238000869750977,24.360000610351562,24.238000869750977,24.350000381469727,23.98309898376465,2000,166,4,0.4620822992812412,72.38808969402852
2019-01-14,24.350000381469727,24.350000381469727,24.19499969482422,24.19499969482422,23.830434799194336,9400,167,0,-0.6365531179353234,77.94849208456534
2019-01-15,24.270000457763672,24.399999618530273,24.270000457763672,24.399999618530273,24.0323429107666,36800,168,1,0.5356372406866372,88.10362626692917
2019-01-16,24.579999923706055,24.600000381469727,24.517000198364258,24.559999465942383,24.1899356842041,44700,169,2,-0.08136882760679809,84.80078255241531
2019-01-17,24.520000457763672,24.80299949645996,24.520000457763672,24.75200080871582,24.37904167175293,3000,170,3,0.9461678084051295,85.67969588669781
2019-01-18,24.979999542236328,25.100000381469727,24.959999084472656,25.07200050354004,24.6942195892334,5900,171,4,0.3682984907511955,86.47799650919131
2019-01-22,25.06999969482422,25.06999969482422,24.600000381469727,24.68000030517578,24.30812644958496,6900,172,1,-1.5556417805978384,76.92102567338632
2019-01-23,24.719999313354492,24.719999313354492,24.489999771118164,24.625999450683594,24.254940032958984,6500,173,2,-0.38025835470034686,75.56500298197427
2019-01-24,24.81999969482422,24.850000381469727,24.719999313354492,24.81800079345703,24.444049835205078,4000,174,3,-0.008053591425327689,83.46627040034338
2019-01-25,25.11400032043457,25.170000076293945,25.09000015258789,25.136999130249023,24.75823974609375,7000,175,4,0.09157764402725199,80.79255153462452
2019-01-28,25.1299991607666,25.1299991607666,24.889999389648438,25.02899932861328,24.651865005493164,14500,176,0,-0.40190941315669804,75.27890299595853
2019-01-29,25.1200008392334,25.1200008392334,24.989999771118164,25.020000457763672,24.64300537109375,8800,177,1,-0.3980906772643955,71.53052928519838
2019-01-30,25.106000900268555,25.219999313354492,25.100000381469727,25.216999053955078,24.837034225463867,1300,178,2,0.4421180184269735,71.08334799244435
2019-01-31,25.413000106811523,25.445999145507812,25.360000610351562,25.445999145507812,25.06258201599121,4800,179,3,0.1298510154550625,72.0839707846454
2019-02-01,25.459999084472656,25.540000915527344,25.459999084472656,25.527999877929688,25.143348693847656,1300,180,4,0.2670887505981989,72.53250482127183
2019-02-04,25.579999923706055,25.746000289916992,25.570999145507812,25.746000289916992,25.358062744140625,8000,181,0,0.6489459214466198,78.9690057633705
2019-02-05,25.809999465942383,25.850000381469727,25.75,25.839000701904297,25.449661254882812,12400,182,1,0.11236434158079511,78.05069753918616
2019-02-06,25.899999618530273,25.899999618530273,25.739999771118164,25.80900001525879,25.420114517211914,5500,183,2,-0.3513498247558977,75.64681406377042
2019-02-07,25.719999313354492,25.719999313354492,25.450000762939453,25.615999221801758,25.230022430419922,13600,184,3,-0.4043549546237202,67.73395157716382
2019-02-08,25.5,25.579999923706055,25.43000030517578,25.56599998474121,25.180774688720703,6300,185,4,0.2588234695733771,61.403494867947394
2019-02-11,25.58799934387207,25.767000198364258,25.58799934387207,25.767000198364258,25.37874984741211,14800,186,0,0.6995500198613724,77.51897932241332
2019-02-12,25.969999313354492,26.09000015258789,25.969999313354492,26.070999145507812,25.67816734313965,13500,187,1,0.38890964506641534,82.47192552334253
2019-02-13,26.170000076293945,26.239999771118164,26.059999465942383,26.190000534057617,25.795373916625977,22200,188,2,0.07642513452565947,81.87733931773242
2019-02-14,26.1299991607666,26.290000915527344,26.1299991607666,26.229999542236328,25.83477210998535,32400,189,3,0.38270334742249723,79.1778132386142
2019-02-15,26.34000015258789,26.56999969482422,26.34000015258789,26.555999755859375,26.15585708618164,16600,190,4,0.8200440471533677,86.51364698627913
2019-02-19,26.559999465942383,26.670000076293945,26.559999465942383,26.6299991607666,26.228742599487305,5500,191,1,0.26355307316168197,87.33762988061379
2019-02-20,26.645999908447266,26.75,26.645999908447266,26.711999893188477,26.30950927734375,8400,192,2,0.2476919048561843,86.62418358373681
2019-02-21,26.639999389648438,26.65999984741211,26.559999465942383,26.6299991607666,26.228742599487305,41300,193,3,-0.03753839756363009,81.25655209500877
2019-02-22,26.739999771118164,26.871999740600586,26.739999771118164,26.860000610351562,26.45528221130371,1800,194,4,0.44876903612771635,82.61504318147428
2019-02-25,27.200000762939453,27.200000762939453,26.899999618530273,26.905000686645508,26.49959945678711,15200,195,0,-1.0845590736007993,81.00584143623405
2019-02-26,26.899999618530273,26.920000076293945,26.733999252319336,26.733999252319336,26.331174850463867,23600,196,1,-0.6171017418773017,72.98398986668182
2019-02-27,26.75,26.809999465942383,26.690000534057617,26.791000366210938,26.387317657470703,11000,197,2,0.15327239705023032,74.87330269086243
2019-02-28,26.84000015258789,26.84000015258789,26.687999725341797,26.72100067138672,26.318376541137695,17200,198,3,-0.44336617185040117,79.8487107647
2019-03-01,26.892000198364258,26.90999984741211,26.719999313354492,26.906999588012695,26.501567840576172,5700,199,4,0.05577640018517016,83.7442717242518
2019-03-04,26.93000030517578,26.93000030517578,26.559999465942383,26.709999084472656,26.307538986206055,3700,200,0,-0.8169373123283696,73.7770339484353
2019-03-05,26.68000030517578,26.729999542236328,26.6299991607666,26.635000228881836,26.23366928100586,23200,201,1,-0.1686659511964672,66.07753563222391
2019-03-06,26.530000686645508,26.530000686645508,26.149999618530273,26.170000076293945,25.77567481994629,39500,202,2,-1.356956656743613,49.52379914369222
2019-03-07,26.010000228881836,26.100000381469727,25.93199920654297,25.93199920654297,25.541259765625,600,203,3,-0.2998885876681179,43.51610536380659
2019-03-08,25.84000015258789,25.89299964904785,25.75,25.89299964904785,25.502845764160156,8700,204,4,0.2051064092375876,33.515689835869665
2019-03-11,26.049999237060547,26.309999465942383,26.049999237060547,26.309999465942383,25.913564682006836,4000,205,0,0.9980815220598682,43.203076384567524
2019-03-12,26.309999465942383,26.450000762939453,26.290000915527344,26.3799991607666,25.98250961303711,30400,206,1,0.26605737835467824,42.912034035788395
2019-03-13,26.559999465942383,26.610000610351562,26.520000457763672,26.520000457763672,26.12040138244629,15100,207,2,-0.150598678399827,47.708363632317756
2019-03-14,26.459999084472656,26.489999771118164,26.43000030517578,26.459999084472656,26.06130599975586,9200,208,3,0.0,41.031369422938106
2019-03-15,26.56999969482422,26.639999389648438,26.482999801635742,26.482999801635742,26.083959579467773,12600,209,4,-0.3274365607366714,40.443837841106394
2019-03-18,26.65999984741211,26.739999771118164,26.520000457763672,26.673999786376953,26.27208137512207,46500,210,0,0.052512899643564204,48.6535144228094
2019-03-19,26.81999969482422,26.81999969482422,26.545000076293945,26.545000076293945,26.145023345947266,6200,211,1,-1.0253528026077596,44.65217027141558
2019-03-20,26.3700008392334,26.534000396728516,26.18000030517578,26.292999267578125,25.959409713745117,34500,212,2,-0.29200443384403973,41.377900596641474
2019-03-21,26.479999542236328,26.68000030517578,26.479999542236328,26.600000381469727,26.262516021728516,4000,213,3,0.4531753825825824,44.10298346039199
2019-03-22,26.299999237060547,26.299999237060547,25.795000076293945,25.795000076293945,25.467727661132812,16600,214,4,-1.9201489559550367,35.75213648305811
2019-03-25,25.81999969482422,25.8799991607666,25.75,25.858999252319336,25.53091812133789,4100,215,0,0.15104398898553306,37.87500208615958
2019-03-26,25.975000381469727,26.100000381469727,25.975000381469727,26.100000381469727,25.768857955932617,400,216,1,0.48123194673435066,48.8239320533954
2019-03-27,26.209999084472656,26.209999084472656,25.88599967956543,26.013999938964844,25.683948516845703,5100,217,2,-0.7478029467918867,51.45185169175573
2019-03-28,26.231000900268555,26.259000778198242,26.09000015258789,26.259000778198242,25.925844192504883,11500,218,3,0.1067434599089312,56.03960981898482
2019-03-29,26.339000701904297,26.420000076293945,26.280000686645508,26.37700080871582,26.04234504699707,16200,219,4,0.14427315311462685,51.22667851161517
2019-04-01,26.583999633789062,26.68899917602539,26.549999237060547,26.68899917602539,26.350385665893555,3000,220,0,0.3949727041933526,55.196761939833614
2019-04-02,26.6200008392334,26.670000076293945,26.579999923706055,26.65999984741211,26.321754455566406,31000,221,1,0.15025922959310822,52.44582856274583
2019-04-03,26.959999084472656,26.959999084472656,26.75,26.790000915527344,26.450105667114258,17700,222,2,-0.6305570278866246,55.627583407385046
2019-04-04,26.8799991607666,26.8799991607666,26.739999771118164,26.850000381469727,26.50934410095215,4300,223,3,-0.11160260503527697,56.18053824588272
2019-04-05,27.047000885009766,27.08099937438965,27.030000686645508,27.08099937438965,26.737411499023438,19800,224,4,0.1257015131711947,56.76303560573358
2019-04-08,27.100000381469727,27.100000381469727,27.0,27.065000534057617,26.721616744995117,2300,225,0,-0.12915072663999272,58.97790873968774
2019-04-09,26.929000854492188,26.979999542236328,26.739999771118164,26.739999771118164,26.400737762451172,8000,226,1,-0.7018495947743064,57.52779596186844
2019-04-10,26.8700008392334,27.059999465942383,26.8700008392334,27.047000885009766,26.703845977783203,4600,227,2,0.6587273548496642,57.52779596186844
2019-04-11,27.1299991607666,27.149999618530273,27.030000686645508,27.06999969482422,26.726552963256836,92200,228,3,-0.22115542867081617,79.14953293035076
2019-04-12,27.360000610351562,27.360000610351562,27.1200008392334,27.239999771118164,26.89439582824707,12200,229,4,-0.4385995488172534,80.11340950530365
2019-04-15,27.229999542236328,27.229999542236328,27.1299991607666,27.15999984741211,26.815410614013672,17300,230,0,-0.25706829232825523,74.85929712528662
2019-04-16,27.280000686645508,27.290000915527344,27.15999984741211,27.17099952697754,26.826271057128906,7500,231,1,-0.39956435822718905,78.12350770868433
2019-04-17,27.309999465942383,27.309999465942383,26.84000015258789,26.915000915527344,26.57352066040039,8000,232,2,-1.4463513663104721,65.86077613041573
2019-04-18,26.826000213623047,26.950000762939453,26.809999465942383,26.908000946044922,26.566606521606445,11100,233,3,0.3056763280730568,63.56672179831174
2019-04-22,27.100000381469727,27.100000381469727,26.75,26.812000274658203,26.47182846069336,31300,234,0,-1.0627310064853401,53.53248961419131
2019-04-23,27.06999969482422,27.239999771118164,26.81599998474121,27.202999114990234,26.85786247253418,22300,235,1,0.4913166666619784,62.910130458127156
2019-04-24,27.20800018310547,27.329999923706055,27.20800018310547,27.299999237060547,26.95363426208496,15000,236,2,0.3381323630400557,62.318824554905035
2019-04-25,27.329999923706055,27.329999923706055,26.895999908447266,27.070999145507812,26.7275390625,24100,237,3,-0.9476793959797392,54.9352190472783
2019-04-26,27.025999069213867,27.31999969482422,27.01799964904785,27.30299949645996,26.956594467163086,25300,238,4,1.0249405638499853,54.955364593444855
2019-04-29,27.31999969482422,27.479999542236328,27.31999969482422,27.385000228881836,27.037555694580078,12100,239,0,0.23792289452306825,56.93841562669561
2019-04-30,27.450000762939453,27.450000762939453,27.25,27.33300018310547,26.986215591430664,17700,240,1,-0.4262316086779405,64.58437512020618
2019-05-01,27.450000762939453,27.450000762939453,27.06399917602539,27.06399917602539,26.720626831054688,10800,241,2,-1.4061988203483367,50.42602255930949
2019-05-02,27.09000015258789,27.219999313354492,26.989999771118164,27.089000701904297,26.745311737060547,16600,242,3,-0.0036893712733965245,50.475738392594494
2019-05-03,27.31999969482422,27.552000045776367,27.31999969482422,27.552000045776367,27.202434539794922,25100,243,4,0.8491960232199558,56.812230347653724
2019-05-06,27.200000762939453,27.549999237060547,27.200000762939453,27.516000747680664,27.166894912719727,17000,244,0,1.1617646171972362,57.92521937478717
2019-05-07,27.125,27.229999542236328,26.950000762939453,27.02400016784668,26.681137084960938,18200,245,1,-0.37234961162514457,47.30474339982123
2019-05-08,26.934999465942383,27.110000610351562,26.934999465942383,26.940000534057617,26.598203659057617,49000,246,2,0.01856717361943261,50.48922890179365
2019-05-09,26.84000015258789,26.868999481201172,26.7549991607666,26.860000610351562,26.519216537475586,9700,247,3,0.07451735339034649,49.08675235696711
2019-05-10,26.729999542236328,26.969999313354492,26.45800018310547,26.895000457763672,26.55377197265625,9000,248,4,0.6172873862815509,51.61667588018855
2019-05-13,26.43000030517578,26.43000030517578,26.118999481201172,26.118999481201172,25.787616729736328,15000,249,0,-1.1766962557079763,31.639594236609156
2019-05-14,26.420000076293945,26.520000457763672,26.420000076293945,26.450000762939453,26.114418029785156,4500,250,1,0.113552939284145,36.66043257119321
2019-05-15,26.389999389648438,26.579999923706055,26.360000610351562,26.552000045776367,26.21512222290039,30600,251,2,0.613871390203502,41.516860903392505
2019-05-16,26.790000915527344,26.889999389648438,26.690000534057617,26.724000930786133,26.38494300842285,24900,252,3,-0.24636051693062155,40.34682022104605
2019-05-17,26.6299991607666,26.75,26.389999389648438,26.420000076293945,26.08479881286621,22500,253,4,-0.7885808903142721,35.02019856294716
2019-05-20,26.209999084472656,26.350000381469727,26.149999618530273,26.219999313354492,25.88733673095703,20900,254,0,0.03815425116806548,33.48175792844934
2019-05-21,26.520000457763672,26.59000015258789,26.516000747680664,26.540000915527344,26.203277587890625,10400,255,1,0.07541650610272121,42.33921970611265
2019-05-22,26.56999969482422,26.56999969482422,26.291000366210938,26.350000381469727,26.015687942504883,14700,256,2,-0.8279989306787527,39.69317531888858
2019-05-23,26.1299991607666,26.1299991607666,25.743999481201172,25.827999114990234,25.50031089782715,15400,257,3,-1.1557598755296161,26.344707091146915
2019-05-24,26.09000015258789,26.09000015258789,25.91200065612793,26.010000228881836,25.680002212524414,4500,258,4,-0.30663059884313837,30.131964071470563
2019-05-28,26.09000015258789,26.09000015258789,25.799999237060547,25.799999237060547,25.47266387939453,9700,259,1,-1.1115404899626924,32.55419319304461
2019-05-29,25.520000457763672,25.66900062561035,25.520000457763672,25.632999420166016,25.307781219482422,8800,260,2,0.44278589488804254,31.801757348266307
2019-05-30,25.90999984741211,25.90999984741211,25.5,25.57900047302246,25.25446891784668,13600,261,3,-1.277496628093222,32.033699803808375
2019-05-31,25.270000457763672,25.399999618530273,25.226999282836914,25.292999267578125,24.972097396850586,26300,262,4,0.0910123047005662,29.009470742064735
2019-06-03,25.395000457763672,25.479999542236328,25.25,25.420000076293945,25.097488403320312,19100,263,0,0.09844307178434875,38.964361533944626
2019-06-04,25.760000228881836,26.049999237060547,25.700000762939453,26.049999237060547,25.719491958618164,10500,264,1,1.1257725372749272,44.229649579074454
2019-06-05,26.239999771118164,26.239999771118164,25.96500015258789,26.05699920654297,25.726404190063477,23500,265,2,-0.6974106942509217,42.657969795952084
2019-06-06,26.101999282836914,26.101999282836914,25.895000457763672,26.069000244140625,25.738252639770508,22400,266,3,-0.12642341430906257,39.80070009201108
2019-06-07,26.209999084472656,26.299999237060547,26.209999084472656,26.239999771118164,25.90708351135254,15100,267,4,0.11446275350417423,47.076024841333485
2019-06-10,26.440000534057617,26.554000854492188,26.36199951171875,26.36199951171875,26.027536392211914,7600,268,0,-0.2950114249748004,52.3666654586815
2019-06-11,26.600000381469727,26.600000381469727,26.200000762939453,26.290000915527344,25.956449508666992,20400,269,1,-1.1654115093860606,45.45785332004475
2019-06-12,26.209999084472656,26.299999237060547,26.17099952697754,26.236000061035156,25.903133392333984,14400,270,2,0.09920250847281764,47.82109732205938
2019-06-13,26.469999313354492,26.469999313354492,26.422000885009766,26.457000732421875,26.12133026123047,5600,271,3,-0.049106842726887034,63.585333781539184
2019-06-14,26.350000381469727,26.3700008392334,26.280000686645508,26.299999237060547,25.966320037841797,3300,272,4,-0.1897576610448315,56.33184826852104
2019-06-17,26.229999542236328,26.42300033569336,26.229999542236328,26.31599998474121,26.06238555908203,5300,273,0,0.327870545199227,62.30916299711805
2019-06-18,26.610000610351562,26.764999389648438,26.604000091552734,26.604000091552734,26.34760856628418,3100,274,1,-0.022549863439291773,71.89894936800339
2019-06-19,26.700000762939453,26.739999771118164,26.59000015258789,26.709999084472656,26.45258903503418,13200,275,2,0.037446896058068724,74.92281090205117
2019-06-20,26.950000762939453,26.950000762939453,26.850000381469727,26.8799991607666,26.62095069885254,2600,276,3,-0.2597461973697368,86.85551735349173
2019-06-21,26.770000457763672,26.780000686645508,26.638999938964844,26.68199920654297,26.42485809326172,9500,277,4,-0.32873085437390426,78.37227073018661
2019-06-24,27.040000915527344,27.040000915527344,26.43600082397461,26.440000534057617,26.185192108154297,243100,278,0,-2.2189362468741036,60.62094779413522
2019-06-25,26.5,26.5,26.229999542236328,26.229999542236328,25.977214813232422,10700,279,1,-1.018869651938381,54.242280809411206
2019-06-26,26.459999084472656,26.459999084472656,26.190000534057617,26.190000534057617,25.93760108947754,12400,280,2,-1.0204027201704657,52.92695507902073
2019-06-27,26.31999969482422,26.593000411987305,26.31999969482422,26.593000411987305,26.336715698242188,5300,281,3,1.0372367793635373,57.677265630055636
2019-06-28,26.739999771118164,26.989999771118164,26.739999771118164,26.969999313354492,26.7100830078125,24900,282,4,0.8601329252244438,61.9028984392445
2019-07-01,27.329999923706055,27.389999389648438,26.989999771118164,27.100000381469727,26.838829040527344,15700,283,0,-0.8415643720394828,65.50534123047288
2019-07-02,27.100000381469727,27.100000381469727,26.93000030517578,27.0,26.73979377746582,12500,284,1,-0.36900509248001256,64.37170178779786
2019-07-03,27.11199951171875,27.200000762939453,27.11199951171875,27.19700050354004,26.93489646911621,9900,285,2,0.3135179748898542,64.04706819457267
2019-07-05,27.049999237060547,27.25,27.0,27.22800064086914,26.965599060058594,18100,286,4,0.658045873674995,68.50082971205721
2019-07-08,27.110000610351562,27.18000030517578,26.98200035095215,27.013999938964844,26.753660202026367,38900,287,0,-0.3541153420338228,62.89726747222678
2019-07-09,26.979999542236328,27.04199981689453,26.920000076293945,27.04199981689453,26.781389236450195,19100,288,1,0.22980087364770085,58.95339080854143
2019-07-10,27.299999237060547,27.299999237060547,27.006999969482422,27.059999465942383,26.799217224121094,24800,289,2,-0.8791200652942033,57.4215523942566
2019-07-11,27.054000854492188,27.054000854492188,26.90999984741211,26.9950008392334,26.73484230041504,26900,290,3,-0.21808240332406026,52.55219180169655
2019-07-12,27.030000686645508,27.309999465942383,27.030000686645508,27.242000579833984,26.979461669921875,27000,291,4,0.7843133104070477,62.16337589381146
2019-07-15,27.350000381469727,27.350000381469727,27.09000015258789,27.12299919128418,26.861608505249023,5100,292,0,-0.8299860585718521,65.67228979783337
2019-07-16,27.16699981689453,27.191999435424805,27.110000610351562,27.1200008392334,26.858638763427734,4900,293,1,-0.17300025022235488,72.5659762354978
2019-07-17,27.209999084472656,27.209999084472656,26.950000762939453,26.950000762939453,26.690277099609375,35800,294,2,-0.9555249183436088,68.07803254471428
2019-07-18,26.959999084472656,27.059999465942383,26.90999984741211,27.020999908447266,26.760591506958008,32100,295,3,0.2262641915657282,62.09039115765381
2019-07-19,27.149999618530273,27.15999984741211,26.969999313354492,26.969999313354492,26.7100830078125,29900,296,4,-0.6629845587656225,50.0
2019-07-22,27.059999465942383,27.059999465942383,26.86199951171875,26.895000457763672,26.635807037353516,26000,297,0,-0.6097524443279378,42.620582641592335
2019-07-23,27.040000915527344,27.100000381469727,26.90999984741211,27.09000015258789,26.82892608642578,25600,298,1,0.18490841482121656,53.0323555797759
2019-07-24,27.18000030517578,27.5,27.18000030517578,27.474000930786133,27.209228515625,5900,299,2,1.081679993779705,58.28847462115505
2019-07-25,27.59000015258789,27.59000015258789,27.260000228881836,27.266000747680664,27.003232955932617,18600,300,3,-1.1743363650428829,51.02814271692248
2019-07-26,27.440000534057617,27.56999969482422,27.420000076293945,27.540000915527344,27.27458953857422,12200,301,4,0.36443286998339985,63.784113401443506
2019-07-29,27.610000610351562,27.610000610351562,27.31999969482422,27.386999130249023,27.123064041137695,8900,302,0,-0.8076837202927512,58.484984665209964
2019-07-30,27.389999389648438,27.59000015258789,27.280000686645508,27.59000015258789,27.324108123779297,15000,303,1,0.7301963030164949,61.947713890878696
2019-07-31,27.575000762939453,27.739999771118164,27.39900016784668,27.420000076293945,27.155746459960938,19200,304,2,-0.5621058290370962,59.14763014380231
2019-08-01,27.489999771118164,27.56999969482422,26.924999237060547,26.979999542236328,26.719985961914062,38700,305,3,-1.855220928076029,44.793307608918134
2019-08-02,26.829999923706055,26.829999923706055,26.530000686645508,26.659000396728516,26.402082443237305,3900,306,4,-0.6373444929697936,41.46433546313548
2019-08-05,26.360000610351562,26.360000610351562,25.75,25.920000076293945,25.670204162597656,18800,307,0,-1.669197738503958,32.62883705930558
2019-08-06,26.15999984741211,26.229999542236328,25.969999313354492,26.209999084472656,25.957406997680664,10600,308,1,0.19112858315055714,39.64743415273513
2019-08-07,26.020000457763672,26.260000228881836,25.79800033569336,26.218000411987305,25.96533203125,6900,309,2,0.7609529236751289,38.56453008702303
2019-08-08,26.361000061035156,26.742000579833984,26.329999923706055,26.729000091552734,26.471405029296875,10300,310,3,1.3960017816680992,46.965511643176654
2019-08-09,26.68000030517578,26.68000030517578,26.3700008392334,26.459999084472656,26.204998016357422,11300,311,4,-0.8245922720639731,44.77790060916021
2019-08-12,26.239999771118164,26.25,26.040000915527344,26.09000015258789,25.838563919067383,5700,312,0,-0.5716448926778361,38.47927320414941
2019-08-13,26.059999465942383,26.549999237060547,26.0,26.3799991607666,26.125768661499023,31200,313,1,1.2279343874984416,37.117272681534935
2019-08-14,26.09000015258789,26.09000015258789,25.6299991607666,25.649999618530273,25.402803421020508,21600,314,2,-1.6864719489623092,33.05368496595335
2019-08-15,25.850000381469727,25.850000381469727,25.485000610351562,25.649999618530273,25.402803421020508,24500,315,3,-0.7736973307080564,28.971954683719332
2019-08-16,25.90999984741211,26.170000076293945,25.90999984741211,26.139999389648438,25.88808250427246,19100,316,4,0.8876863897754994,37.09377041931275
2019-08-19,26.350000381469727,26.450000762939453,26.350000381469727,26.399999618530273,26.14557456970215,5200,317,0,0.18975042253019936,37.82732324534996
2019-08-20,26.3799991607666,26.3799991607666,26.19300079345703,26.200000762939453,25.9475040435791,23200,318,1,-0.6823290506197233,37.5965843005499
2019-08-21,26.395000457763672,26.459999084472656,26.354000091552734,26.385000228881836,26.130720138549805,10700,319,2,-0.0378868297344348,43.61998942224429
2019-08-22,26.479999542236328,26.479999542236328,26.288999557495117,26.39900016784668,26.14458465576172,7200,320,3,-0.3058888813817884,47.015606028031385
2019-08-23,26.290000915527344,26.440000534057617,25.628000259399414,25.628000259399414,25.381017684936523,43800,321,4,-2.5180701143944773,46.67274341099221
2019-08-26,25.799999237060547,25.84000015258789,25.690000534057617,25.81599998474121,25.56720542907715,6100,322,0,0.06201840369699507,45.403647461591554
2019-08-27,25.96500015258789,25.96500015258789,25.559999465942383,25.559999465942383,25.31367301940918,20400,323,1,-1.5597946630673931,42.74369825671401
2019-08-28,25.440000534057617,25.8700008392334,25.440000534057617,25.780000686645508,25.531553268432617,48500,324,2,1.3364785591600814,38.81687691864388
2019-08-29,26.1299991607666,26.270000457763672,26.110000610351562,26.216999053955078,25.964340209960938,4300,325,3,0.33295023338195673,47.24551939089314
2019-08-30,26.43000030517578,26.43000030517578,26.155000686645508,26.229999542236328,25.977214813232422,37700,326,4,-0.7567187311015133,51.726683422239496
2019-09-03,26.110000610351562,26.110000610351562,25.780000686645508,25.889999389648438,25.640491485595703,17700,327,1,-0.8425937018779805,44.030214572168596
2019-09-04,26.1299991607666,26.139999389648438,26.040000915527344,26.12700080871582,25.875207901000977,8500,328,2,-0.011474749893158886,56.604834978164
2019-09-05,26.450000762939453,26.670000076293945,26.450000762939453,26.555999755859375,26.300071716308594,10100,329,3,0.4007523246216449,61.21287573951088
2019-09-06,26.6299991607666,26.68000030517578,26.510000228881836,26.510000228881836,26.2545166015625,6300,330,4,-0.4506156052064725,55.144618554010705
2019-09-09,26.562000274658203,26.70599937438965,26.530000686645508,26.687000274658203,26.4298095703125,13300,331,0,0.4705970887262545,54.08483877115228
2019-09-10,26.618000030517578,26.889999389648438,26.618000030517578,26.889999389648438,26.6308536529541,13900,332,1,1.021862494623993,59.812270396594116
2019-09-11,27.0,27.31999969482422,26.961000442504883,27.31999969482422,27.05670928955078,21700,333,2,1.185184054904509,62.43019869188634
2019-09-12,27.479999542236328,27.479999542236328,27.200000762939453,27.329999923706055,27.066614151000977,53100,334,3,-0.5458501493048606,62.39020180225917
2019-09-13,27.479999542236328,27.479999542236328,27.299999237060547,27.34000015258789,27.07651710510254,8900,335,4,-0.5094592139030407,78.57142402405958
2019-09-16,27.030000686645508,27.510000228881836,27.030000686645508,27.479999542236328,27.215167999267578,22900,336,0,1.664812594004661,78.22251667797835
2019-09-17,27.358999252319336,27.40999984741211,27.31999969482422,27.40999984741211,27.145843505859375,21200,337,1,0.18641250223525585,83.4902419267404
2019-09-18,27.360000610351562,27.360000610351562,27.045000076293945,27.22100067138672,26.95866584777832,12500,338,2,-0.5080407012573396,76.38230542893041
2019-09-19,27.3700008392334,27.3700008392334,27.170000076293945,27.190000534057617,26.927963256835938,5300,339,3,-0.6576554609299068,70.92477331252887
2019-09-20,27.260000228881836,27.299999237060547,27.111000061035156,27.15999984741211,26.89825439453125,24100,340,4,-0.3668392539622034,69.85483947154532
2019-09-23,27.09000015258789,27.260000228881836,27.09000015258789,27.18000030517578,26.918060302734375,7600,341,0,0.3322264750127424,81.8991425418117
2019-09-24,27.25,27.25,26.709999084472656,26.75,26.55668830871582,19300,342,1,-1.834862385321101,64.06319830327642
2019-09-25,26.81999969482422,27.049999237060547,26.690000534057617,27.0049991607666,26.809844970703125,8500,343,2,0.6897817600575396,60.99950377124508
2019-09-26,27.0,27.0,26.75,26.760000228881836,26.566617965698242,22400,344,3,-0.8888880411783817,55.5803624647055
2019-09-27,26.950000762939453,26.979999542236328,26.489999771118164,26.59000015258789,26.397846221923828,12900,345,4,-1.335809277032085,47.828029253442715
2019-09-30,26.690000534057617,26.790000915527344,26.584999084472656,26.700000762939453,26.507051467895508,12700,346,0,0.03746807299263022,45.560778483675236
2019-10-01,26.850000381469727,26.950000762939453,26.219999313354492,26.219999313354492,26.030519485473633,20600,347,1,-2.3463726598306645,24.885842163890857
2019-10-02,26.139999389648438,26.139999389648438,25.815000534057617,25.940000534057617,25.75254249572754,25900,348,2,-0.765106580951258,21.7479693707608
2019-10-03,25.979999542236328,26.079999923706055,25.670000076293945,26.049999237060547,25.861745834350586,24100,349,3,0.26943685934412986,24.804645590444167
2019-10-04,26.200000762939453,26.350000381469727,26.030000686645508,26.350000381469727,26.15958023071289,36200,350,4,0.5725176113065222,29.227951359792655
2019-10-07,26.420000076293945,26.450000762939453,26.280000686645508,26.30500030517578,26.114904403686523,7200,351,0,-0.4352754382516144,29.499078527569154
2019-10-08,25.945999145507812,25.979999542236328,25.83099937438965,25.83099937438965,25.644330978393555,7300,352,1,-0.4432273757246086,26.677841932079218
2019-10-09,25.92099952697754,26.049999237060547,25.92099952697754,25.992000579833984,25.804166793823242,29900,353,2,0.273913252390412,30.73956616746507
2019-10-10,26.020000457763672,26.163000106811523,26.0,26.079999923706055,25.891530990600586,27300,354,3,0.23058979587557982,32.95455298038165
2019-10-11,26.31999969482422,26.719999313354492,26.31999969482422,26.540000915527344,26.348207473754883,48000,355,4,0.8358709090197536,41.13083305843843
2019-10-14,26.600000381469727,26.600000381469727,26.389999389648438,26.450000762939453,26.25885772705078,46300,356,0,-0.563908332252383,45.410050578566036
2019-10-15,26.440000534057617,26.719999313354492,26.440000534057617,26.65399932861328,26.461381912231445,11700,357,1,0.8093751521676795,44.5446110154242
2019-10-16,26.666000366210938,26.702999114990234,26.610000610351562,26.690000534057617,26.49712371826172,15200,358,2,0.0900028782609974,48.83644249426147
2019-10-17,26.8799991607666,26.989999771118164,26.864999771118164,26.959999084472656,26.76517105102539,9000,359,3,0.2976187730794999,55.952360496057665
2019-10-18,26.920000076293945,26.93000030517578,26.722000122070312,26.889999389648438,26.695676803588867,59400,360,4,-0.11144385795127665,53.0964566096949
2019-10-21,27.079999923706055,27.170000076293945,27.079999923706055,27.082000732421875,26.88629150390625,11200,361,0,0.0073885107882532,65.5036188157838
2019-10-22,27.020000457763672,27.170000076293945,27.020000457763672,27.030000686645508,26.834667205810547,24000,362,1,0.03701046895787652,71.35578601836794
2019-10-23,27.06999969482422,27.079999923706055,26.950000762939453,27.079999923706055,26.88430404663086,6000,363,2,0.03694210932609909,70.66612477201008
2019-10-24,27.15999984741211,27.15999984741211,26.940000534057617,27.06999969482422,26.87437629699707,8600,364,3,-0.3313702249393313,66.34874658180328
2019-10-25,27.21500015258789,27.25,27.15999984741211,27.219999313354492,27.023292541503906,29500,365,4,0.018369137382223677,69.83091821388916
2019-10-28,27.440000534057617,27.440000534057617,27.378000259399414,27.389999389648438,27.19206428527832,19500,366,0,-0.1822199104811184,88.91662040339037
2019-10-29,27.389999389648438,27.530000686645508,27.290000915527344,27.450000762939453,27.251630783081055,29800,367,1,0.21906306910577378,88.32807191364586
2019-10-30,27.270000457763672,27.420000076293945,27.209999084472656,27.392000198364258,27.194049835205078,6800,368,2,0.44737711240432354,85.04271153007535
2019-10-31,27.450000762939453,27.450000762939453,27.082000732421875,27.209999084472656,27.013364791870117,27400,369,3,-0.8743230302231009,71.01623039405732
2019-11-01,27.43000030517578,27.6299991607666,27.43000030517578,27.6299991607666,27.430330276489258,16000,370,4,0.7291245109942057,80.66521203373347
2019-11-04,27.802000045776367,27.802000045776367,27.670000076293945,27.7549991607666,27.554426193237305,10600,371,0,-0.16905576912588094,79.83734323843471
2019-11-05,27.850000381469727,27.850000381469727,27.791000366210938,27.799999237060547,27.59910011291504,13100,372,1,-0.17953732037450099,79.93520782773389
2019-11-06,27.84000015258789,27.84000015258789,27.59000015258789,27.670000076293945,27.470041275024414,27800,373,2,-0.6106324546055864,70.71178270057455
2019-11-07,27.860000610351562,27.860000610351562,27.670000076293945,27.68000030517578,27.479969024658203,22700,374,3,-0.646088661997013,73.88148168648968
2019-11-08,27.540000915527344,27.739999771118164,27.540000915527344,27.739999771118164,27.539535522460938,16400,375,4,0.7262122329054099,71.61624478205239
2019-11-11,27.690000534057617,27.719999313354492,27.611000061035156,27.674999237060547,27.475004196166992,10700,376,0,-0.05417586387771456,71.00970075163119
2019-11-12,27.788999557495117,27.809999465942383,27.679000854492188,27.679000854492188,27.47897720336914,8600,377,1,-0.3958354196067493,70.11414598029634
2019-11-13,27.65999984741211,27.690000534057617,27.545000076293945,27.61400032043457,27.414447784423828,126700,378,2,-0.1663034245527717,67.61654990778291
2019-11-14,27.670000076293945,27.739999771118164,27.625,27.68000030517578,27.479969024658203,206100,379,3,0.03614105115381516,65.75340676165928
2019-11-15,27.850000381469727,27.860000610351562,27.68000030517578,27.84000015258789,27.638813018798828,24400,380,4,-0.03590746407490242,65.51721869985005
2019-11-18,27.75,27.81999969482422,27.735000610351562,27.770000457763672,27.569318771362305,18000,381,0,0.07207372167088444,60.95887189697203
2019-11-19,27.920000076293945,27.950000762939453,27.790000915527344,27.8700008392334,27.668598175048828,62800,382,1,-0.17908036147535888,65.91210973711145
2019-11-20,27.739999771118164,27.950000762939453,27.643999099731445,27.774999618530273,27.574281692504883,49600,383,2,0.1261710443435149,69.96464335347615
2019-11-21,27.8700008392334,27.920000076293945,27.59000015258789,27.6200008392334,27.4204044342041,53700,384,3,-0.8970218603225444,49.565290944915844
2019-11-22,27.6299991607666,27.729999542236328,27.593000411987305,27.700000762939453,27.49982452392578,76300,385,4,0.2533536167176331,47.51138797836845
2019-11-25,27.847000122070312,28.170000076293945,27.847000122070312,28.149999618530273,27.946571350097656,107600,386,0,1.0880866704913617,61.58941484826475
2019-11-26,28.219999313354492,28.2549991607666,28.170000076293945,28.219999313354492,28.01606559753418,56600,387,1,0.0,68.96548095414735
2019-11-27,28.209999084472656,28.399999618530273,28.209999084472656,28.399999618530273,28.194765090942383,74700,388,2,0.6735219433672279,72.22218951735863
2019-11-29,28.389999389648438,28.389999389648438,28.170000076293945,28.209999084472656,28.00613784790039,35700,389,4,-0.6340271540879794,63.42853717418434
2019-12-02,28.329999923706055,28.329999923706055,27.90999984741211,27.90999984741211,27.70830535888672,31800,390,0,-1.482527629456487,55.91940901997862
2019-12-03,27.610000610351562,27.850000381469727,27.610000610351562,27.829999923706055,27.62888526916504,64300,391,1,0.796810244444579,53.663249601825726
2019-12-04,28.0,28.1200008392334,27.969999313354492,28.030000686645508,27.82744026184082,34800,392,2,0.10714530944824219,59.47177887254459
2019-12-05,28.059999465942383,28.459999084472656,27.93000030517578,28.010000228881836,27.80758285522461,21900,393,3,-0.1781868781616791,57.67441819202835
2019-12-06,28.440000534057617,28.5,28.309999465942383,28.31999969482422,28.115345001220703,55500,394,4,-0.4219438712376067,60.434776118660345
2019-12-09,28.360000610351562,28.360000610351562,28.209999084472656,28.209999084472656,28.00613784790039,27200,395,0,-0.5289193323365304,59.40167944481487
2019-12-10,28.145000457763672,28.2549991607666,28.145000457763672,28.209999084472656,28.00613784790039,39800,396,1,0.2309419991181949,57.58924732098382
2019-12-11,28.360000610351562,28.360000610351562,28.1200008392334,28.219999313354492,28.01606559753418,46300,397,2,-0.4936575951481781,60.32482475394746
2019-12-12,28.290000915527344,28.514999389648438,28.290000915527344,28.450000762939453,28.244403839111328,34100,398,3,0.5655703154265002,68.60985166311283
2019-12-13,28.40999984741211,28.479999542236328,28.277999877929688,28.332000732421875,28.12725830078125,65300,399,4,-0.274548100701022,63.932970365473984
2019-12-16,28.520000457763672,28.600000381469727,28.4689998626709,28.4689998626709,28.370412826538086,58600,400,0,-0.1788239630932109,58.158566377621504
2019-12-17,28.56999969482422,28.649999618530273,28.520000457763672,28.58799934387207,28.48900032043457,42600,401,1,0.06300192243653413,59.18163007745504
2019-12-18,28.55699920654297,28.729999542236328,28.55699920654297,28.69499969482422,28.595630645751953,19100,402,2,0.48324576151415055,57.63852465574411
2019-12-19,28.760000228881836,28.799999237060547,28.69499969482422,28.799999237060547,28.700265884399414,57000,403,3,0.1390786086939766,65.98049669572117
2019-12-20,28.959999084472656,28.959999084472656,28.81999969482422,28.920000076293945,28.81985092163086,55000,404,4,-0.13811812653045097,80.31209035279032
2019-12-23,28.899999618530273,28.986000061035156,28.8799991607666,28.950000762939453,28.849748611450195,20900,405,0,0.17301434279992645,84.65342619837568
2019-12-24,28.93199920654297,29.020000457763672,28.93199920654297,28.996000289916992,28.895587921142578,7300,406,1,0.22121210123478008,83.03688144968754
2019-12-26,29.110000610351562,29.110000610351562,28.968000411987305,29.009000778198242,28.90854263305664,7600,407,3,-0.34695922375694854,84.32987258140632
2019-12-27,29.139999389648438,29.139999389648438,28.8799991607666,28.90999984741211,28.809885025024414,42500,408,4,-0.7892915135682244,73.7137696713972
2019-12-30,29.0,29.0,28.729000091552734,28.829999923706055,28.730161666870117,29700,409,0,-0.5862071596342888,75.53539978035687
2019-12-31,28.84000015258789,28.989999771118164,28.84000015258789,28.920000076293945,28.81985092163086,41400,410,1,0.27739224439247145,77.22390675074195
2020-01-02,29.1200008392334,29.1200008392334,28.709999084472656,28.920000076293945,28.81985092163086,14700,411,3,-0.6868157870036584,77.04788998128032
2020-01-03,28.71500015258789,28.90999984741211,28.632999420166016,28.8700008392334,28.7700252532959,40700,412,4,0.5397899558483576,68.85098543464079
2020-01-06,28.780000686645508,28.93000030517578,28.6200008392334,28.899999618530273,28.79991912841797,31300,413,0,0.41695249833835213,77.68028271914545
2020-01-07,28.799999237060547,28.888999938964844,28.72100067138672,28.819000244140625,28.719200134277344,27000,414,1,0.0659757207758016,68.04126954787941
2020-01-08,28.90999984741211,28.959999084472656,28.799999237060547,28.8700008392334,28.7700252532959,34100,415,2,-0.13835699892710274,65.63200453365137
2020-01-09,28.93000030517578,29.020000457763672,28.90999984741211,28.940000534057617,28.83978271484375,27000,416,3,0.034566985054773625,64.16190196886942
2020-01-10,29.010000228881836,29.010000228881836,28.788000106811523,28.860000610351562,28.760059356689453,30800,417,4,-0.5170617626570562,53.571509666168645
2020-01-13,28.979999542236328,29.100000381469727,28.81999969482422,29.100000381469727,28.99922752380371,51600,418,0,0.41408157739446505,59.375024835292336
2020-01-14,29.020000457763672,29.295000076293945,29.020000457763672,29.209999084472656,29.10884666442871,29200,419,1,0.6547161396000423,62.499954150145435
2020-01-15,29.079999923706055,29.360000610351562,29.079999923706055,29.18000030517578,29.078950881958008,293500,420,2,0.3438802673042751,58.98440774192587
2020-01-16,29.415000915527344,29.56999969482422,29.415000915527344,29.56999969482422,29.467599868774414,65800,421,3,0.5269378700411886,70.0214424287805
2020-01-17,29.690000534057617,29.690000534057617,29.479999542236328,29.510000228881836,29.407808303833008,82000,422,4,-0.6062657525698012,72.02654615678702
2020-01-21,29.530000686645508,29.530000686645508,29.260000228881836,29.329999923706055,29.228431701660156,45700,423,1,-0.6772799129324159,67.09993137692334
2020-01-22,29.469999313354492,29.469999313354492,29.219999313354492,29.25,29.14870834350586,67600,424,2,-0.7465195740768094,61.36368114567502
2020-01-23,29.290000915527344,29.360000610351562,29.049999237060547,29.270000457763672,29.16864013671875,62300,425,3,-0.06828425107037184,61.88864514239734
2020-01-24,29.280000686645508,29.299999237060547,28.790000915527344,28.959999084472656,28.859710693359375,65600,426,4,-1.0929016211355558,52.598106963708545
2020-01-27,28.540000915527344,28.729999542236328,28.520000457763672,28.59000015258789,28.49099349975586,58900,427,0,0.17519003313466452,42.51930595228122
2020-01-28,28.799999237060547,28.899999618530273,28.790000915527344,28.81999969482422,28.720197677612305,29300,428,1,0.06944603574132735,50.02250004723293
2020-01-29,28.8799991607666,28.920000076293945,28.68000030517578,28.700000762939453,28.60061264038086,76100,429,2,-0.623263168482624,46.288200150422654
2020-01-30,28.44499969482422,28.690000534057617,28.329999923706055,28.690000534057617,28.590648651123047,44200,430,3,0.8613142621266334,44.39460809470046
2020-01-31,28.65999984741211,28.65999984741211,28.06399917602539,28.1200008392334,28.02262306213379,36100,431,4,-1.8841556561538852,36.397040519304575
2020-02-03,28.31999969482422,28.50200080871582,28.316999435424805,28.399999618530273,28.301651000976562,36400,432,0,0.2824856093507577,37.31880151924767
2020-02-04,28.84000015258789,28.885000228881836,28.770000457763672,28.799999237060547,28.700265884399414,75500,433,1,-0.13869942897262177,43.278680938241834
2020-02-05,29.049999237060547,29.139999389648438,28.924999237060547,29.139999389648438,29.03908920288086,28600,434,2,0.30981120465254364,49.40474771316629
2020-02-06,29.139999389648438,29.3799991607666,29.04400062561035,29.049999237060547,28.949399948120117,66300,435,3,-0.3088543393033216,41.50325371496959
2020-02-07,28.989999771118164,28.989999771118164,28.665000915527344,28.719999313354492,28.620542526245117,51500,436,4,-0.9313572262689918,38.138117325494676
2020-02-10,28.639999389648438,28.90999984741211,28.639999389648438,28.90999984741211,28.809885025024414,73700,437,0,0.942739048595298,43.712570404900625
2020-02-11,29.059999465942383,29.190000534057617,29.040000915527344,29.06999969482422,28.969331741333008,65400,438,1,0.034412350535495406,47.36841518205709
2020-02-12,29.270000457763672,29.290000915527344,29.139999389648438,29.290000915527344,29.188570022583008,45300,439,2,0.06833091032072414,50.27624949813533
2020-02-13,29.25,29.3799991607666,29.149999618530273,29.329999923706055,29.228431701660156,39100,440,3,0.27350401267027813,55.522406245178246
2020-02-14,29.489999771118164,29.489999771118164,29.25,29.350000381469727,29.248361587524414,49700,441,4,-0.4747351330451677,62.66667853462126
2020-02-18,29.3700008392334,29.3700008392334,29.09000015258789,29.229999542236328,29.12877655029297,103600,442,1,-0.4766812836111689,57.09342446369833
2020-02-19,29.290000915527344,29.479999542236328,29.290000915527344,29.389999389648438,29.288223266601562,33200,443,2,0.34140823146264765,61.774719365901035
2020-02-20,29.399999618530273,29.5,29.145000457763672,29.424999237060547,29.323101043701172,31400,444,3,0.08503271719266792,62.43652659863897
2020-02-21,29.350000381469727,29.350000381469727,29.020000457763672,29.10300064086914,29.00221824645996,18300,445,4,-0.8415663965596787,68.15663517344056
2020-02-24,28.790000915527344,29.030000686645508,28.079999923706055,28.274999618530273,28.17708396911621,76400,446,0,-1.788820009100156,48.07987774221562
2020-02-25,28.299999237060547,28.510000228881836,27.21500015258789,27.290000915527344,27.19549560546875,82600,447,1,-3.568898758875405,30.338564302978355
2020-02-26,27.329999923706055,27.549999237060547,26.8700008392334,26.90999984741211,26.816810607910156,66700,448,2,-1.5367730606162144,21.262900407916874
2020-02-27,26.579999923706055,26.90999984741211,25.90999984741211,25.959999084472656,25.870100021362305,67700,449,3,-2.332584051967712,17.405073223651442
2020-02-28,25.649999618530273,25.68000030517578,25.059999465942383,25.639999389648438,25.55120849609375,275800,450,4,-0.03898724768249817,17.44187124957105
2020-03-02,25.809999465942383,26.350000381469727,25.329999923706055,26.350000381469727,26.258750915527344,89900,451,0,2.0922159112785055,25.619061563015322
2020-03-03,26.469999313354492,26.579999923706055,25.52400016784668,25.770000457763672,25.68075942993164,153800,452,1,-2.6444989563624954,20.899487808110706
2020-03-04,26.100000381469727,26.549999237060547,25.926000595092773,26.549999237060547,26.458057403564453,47900,453,2,1.7241335211255704,28.009615731984127
2020-03-05,25.979999542236328,26.05500030517578,25.389999389648438,25.610000610351562,25.52131462097168,53300,454,3,-1.424168354134303,23.913045222893643
2020-03-06,24.989999771118164,25.3799991607666,24.599000930786133,25.1299991607666,25.0429744720459,28200,455,4,0.5602216523836967,22.200256021969437
2020-03-09,23.110000610351562,23.6200008392334,22.690000534057617,22.690000534057617,22.611425399780273,44700,456,0,-1.8173953492057304,17.003025390453217
2020-03-10,23.600000381469727,23.639999389648438,22.5,23.540000915527344,23.45848274230957,138000,457,1,-0.2542350210701372,22.40566360267259
2020-03-11,22.84000015258789,23.05500030517578,21.7810001373291,22.0,21.92381477355957,72600,458,2,-3.677758962242017,19.33085701014069
2020-03-12,20.399999618530273,21.538000106811523,19.440000534057617,19.649999618530273,19.581953048706055,101300,459,3,-3.6764706569834438,16.556993793188795
2020-03-13,20.809999465942383,21.290000915527344,19.5,21.1299991607666,21.056827545166016,201400,460,4,1.5377208218958938,25.836995158933675
2020-03-16,17.0,19.56999969482422,16.75,18.190000534057617,18.12700843811035,656600,461,0,7.000003141515387,22.819592276308967
2020-03-17,18.479999542236328,19.299999237060547,17.774999618530273,19.110000610351562,19.0438232421875,390800,462,1,3.4090967733811706,27.4305561687721
2020-03-18,18.989999771118164,18.989999771118164,16.79599952697754,17.540000915527344,17.479259490966797,116600,463,2,-7.635591748642989,26.480449034679012
2020-03-19,17.360000610351562,18.84600067138672,16.768999099731445,18.309999465942383,18.246591567993164,209600,464,3,5.47234344579659,30.02724442744865
2020-03-20,18.549999237060547,18.90999984741211,17.538000106811523,17.538000106811523,17.477266311645508,373300,465,4,-5.4555211421635885,26.069947047545327
2020-03-23,17.690000534057617,17.829999923706055,16.652999877929688,17.15999984741211,17.100574493408203,103400,466,0,-2.9960467532215485,26.359135511028157
2020-03-24,18.270000457763672,18.770000457763672,18.14299964904785,18.770000457763672,18.704999923706055,245700,467,1,2.736726806087897,29.569327825796535
2020-03-25,18.875,19.913000106811523,18.43000030517578,19.260000228881836,19.260000228881836,106400,468,2,2.0397363119567524,32.92092259046903
2020-03-26,19.3700008392334,20.399999618530273,19.3700008392334,20.360000610351562,20.360000610351562,173900,469,3,5.110994983092354,37.584593307240745
2020-03-27,19.75,20.100000381469727,19.3700008392334,19.65999984741211,19.65999984741211,124700,470,4,-0.4556969751285611,41.3279885353822
2020-03-30,19.8700008392334,20.040000915527344,19.520000457763672,19.989999771118164,19.989999771118164,182300,471,0,0.6039201148287265,39.52801951594752
2020-03-31,19.889999389648438,20.19499969482422,19.6200008392334,19.950000762939453,19.950000762939453,363200,472,1,0.30166603887500365,43.365696951500745
2020-04-01,19.059999465942383,19.24799919128418,18.579999923706055,18.75,18.75,143600,473,2,-1.626440055763434,46.853147599334534
2020-04-02,18.899999618530273,19.1299991607666,18.475000381469727,18.920000076293945,18.920000076293945,73400,474,3,0.10582252998598829,41.49345863005652
2020-04-03,18.950000762939453,18.950000762939453,18.06999969482422,18.34000015258789,18.34000015258789,59500,475,4,-3.219000452731069,50.70554859065226
2020-04-06,19.190000534057617,19.850000381469727,19.190000534057617,19.799999237060547,19.799999237060547,33000,476,0,3.178732079346891,53.08862461870097
2020-04-07,20.389999389648438,20.729999542236328,19.875,19.93000030517578,19.93000030517578,76400,477,1,-2.2560034244345717,62.281600730163674
2020-04-08,20.170000076293945,20.969999313354492,20.049999237060547,20.8799991607666,20.8799991607666,152300,478,2,3.520074773361692,62.96669896264099
2020-04-09,21.260000228881836,21.899999618530273,21.260000228881836,21.68000030517578,21.68000030517578,284300,479,3,1.9755412595121813,70.83920063335172
2020-04-13,21.799999237060547,21.799999237060547,20.90999984741211,21.110000610351562,21.110000610351562,133000,480,0,-3.165131425949641,69.49654662610209
2020-04-14,21.719999313354492,21.829999923706055,21.3700008392334,21.540000915527344,21.540000915527344,656800,481,1,-0.8287219314803473,65.4748615733856
2020-04-15,21.100000381469727,21.100000381469727,20.6299991607666,20.68000030517578,20.68000030517578,56200,482,2,-1.990521652609989,57.61802485078376
2020-04-16,20.871999740600586,20.871999740600586,20.270000457763672,20.6299991607666,20.6299991607666,38800,483,3,-1.1594508568493311,51.63239705682582
2020-04-17,21.290000915527344,21.520000457763672,21.229999542236328,21.469999313354492,21.469999313354492,154800,484,4,0.8454597937375796,60.7609933905054
2020-04-20,21.219999313354492,21.540000915527344,21.049999237060547,21.219999313354492,21.219999313354492,56000,485,0,0.0,57.38294881071229
2020-04-21,20.81999969482422,20.860000610351562,20.489999771118164,20.658000946044922,20.658000946044922,120900,486,1,-0.7780919844084799,53.999096746001605
2020-04-22,21.139999389648438,21.139999389648438,20.80500030517578,20.90999984741211,20.90999984741211,84000,487,2,-1.087982728840342,63.66396780673228
2020-04-23,21.110000610351562,21.489999771118164,21.06999969482422,21.149999618530273,21.149999618530273,554100,488,3,0.18947895320806651,63.982943411968215
2020-04-24,21.420000076293945,21.579999923706055,21.100000381469727,21.479999542236328,21.479999542236328,75400,489,4,0.28010955055404185,70.32625444488345
2020-04-27,21.559999465942383,22.450000762939453,21.559999465942383,22.329999923706055,22.329999923706055,38200,490,0,3.5714307831037573,67.78184265312879
2020-04-28,22.790000915527344,22.950000762939453,22.329999923706055,22.56999969482422,22.56999969482422,53200,491,1,-0.9653409910713617,68.2724234948208
2020-04-29,23.059999465942383,23.770000457763672,23.040000915527344,23.6200008392334,23.6200008392334,109000,492,2,2.428453539724007,68.705633448493
2020-04-30,23.219999313354492,23.229999542236328,22.889999389648438,22.90999984741211,22.90999984741211,35500,493,3,-1.3350537257083128,58.501516070345666
2020-05-01,22.350000381469727,22.489999771118164,21.79400062561035,22.030000686645508,22.030000686645508,50000,494,4,-1.4317659479304967,56.09756097560975
2020-05-04,22.18000030517578,22.18000030517578,21.559999465942383,22.100000381469727,22.100000381469727,60000,495,0,-0.36068495313494875,53.89754638608676
2020-05-05,22.309999465942383,22.599000930786133,22.18000030517578,22.25,22.25,64500,496,1,-0.2689353087344304,62.12542424813802
2020-05-06,22.450000762939453,22.450000762939453,22.06999969482422,22.06999969482422,22.06999969482422,36100,497,2,-1.6926550343042357,60.90249038455152
2020-05-07,22.479999542236328,22.59000015258789,22.31800079345703,22.40999984741211,22.40999984741211,145400,498,3,-0.31138654915316977,57.699875603585085
2020-05-08,22.84000015258789,23.139999389648438,22.83099937438965,23.139999389648438,23.139999389648438,57300,499,4,1.3134817646949681,64.58080755847993
2020-05-11,23.040000915527344,23.18899917602539,22.719999313354492,23.030000686645508,23.030000686645508,74500,500,0,-0.0434037694638123,69.34116511914867
2020-05-12,23.059999465942383,23.158000946044922,22.209999084472656,22.209999084472656,22.209999084472656,36800,501,1,-3.6860381663282538,59.70148573901211
2020-05-13,22.15999984741211,22.15999984741211,21.1299991607666,21.43000030517578,21.43000030517578,31000,502,2,-3.294221783677398,51.933706460616804
2020-05-14,21.204999923706055,21.530000686645508,20.559999465942383,21.530000686645508,21.530000686645508,28400,503,3,1.5326609955613302,50.35664153193012
2020-05-15,21.309999465942383,21.850000381469727,21.309999465942383,21.84000015258789,21.84000015258789,45200,504,4,2.4870985449462646,46.21329348438435
